Topic ID,Category,Sub-Category,Num Posts,Views,Score,Favorites,Comments,Popularity,Accepted,Answer Hours,Answer Views,Difficulty
TOPIC 0,Cryptography,Encryption,407,807211.0,1011.0,370.0,1067.0,10.409543476767231,252.0,153189.8827777778,0.928025559905183,64.3607858389168
TOPIC 1,Network Security,Digital Certificates,213,471968.0,584.0,220.0,407.0,10.464199703644882,114.0,30188.983888888888,0.5023868283024835,48.24233658843795
TOPIC 2,Authentication,Tokens,189,422652.0,423.0,127.0,428.0,9.34180703579449,88.0,76215.09972222222,0.41197448857343055,73.51623832425906
-,Security,Security,809.0,1701831.0,2018.0,717.0,1902.0,10.225705797077676,454.0,259593.9663888889,1.842386876781097,63.08636104960691
-,General,General,809,1649677.0,1945.0,514.0,1660.0,8.941263863419987,474.0,74513.80944444444,3.5102540969511,33.08944355521111
