Topic ID,Category,Sub-Category,Num Posts,Views,Score,Favorites,Comments,Popularity,Accepted,Answer Hours,Answer Views,Difficulty
TOPIC 0,Network Security,Digital Certificates,627,1485201.0,1807.0,752.0,1018.0,10.737661532069152,262.0,141154.21944444446,1.0007337470004614,69.62745527053687
TOPIC 1,Authentication,Login,650,990830.0,961.0,491.0,947.0,7.057081694102838,333.0,47486.62611111111,1.626340984816698,38.483651841134346
TOPIC 2,Cryptography,Encryption,816,1904452.0,1928.0,1131.0,1713.0,11.25470454166215,447.0,189905.3227777778,1.5442427614708671,60.776366588814064
-,Security,Security,2093.0,4380483.0,4696.0,2374.0,3678.0,9.835952061635263,1042.0,378546.16833333333,4.171317493288027,56.699910374611136
-,General,General,2093,3840275.0,4397.0,1620.0,3676.0,8.508110048139402,1229.0,379499.51916666667,8.485086844833317,42.3894154720759
