Topic ID,Category,Sub-Category,Frequency,Norm Frequency,Share,Norm Share
0,Cryptography,Encryption,407,0.5030902348578492,391.8611272255075,0.48437716591533686
1,Network Security,Digital Certificates,213,0.26328800988875156,215.92425645644835,0.26690266558275444
2,Authentication,Tokens,189,0.23362175525339926,201.2146154212678,0.2487201673934089
