Topic ID,Category,Sub-Category,Frequency,Norm Frequency,Share,Norm Share
0,Authentication,Access Control,313,0.17564534231200898,311.22176094522,0.17464745283121214
1,Development,Implementation,311,0.1745230078563412,301.3461785420077,0.16910559963075628
2,Cryptography,Encryption,301,0.16891133557800225,301.35859145212453,0.1691125653491159
3,Development,Implementation,89,0.04994388327721661,112.78576131575392,0.06329167301669693
4,Authentication,Login,255,0.14309764309764308,239.72419006141718,0.1345253591814911
5,Authentication,Login,373,0.20931537598204264,361.3660109389166,0.2027867625919846
6,Network Security,Digital Certificates,140,0.07856341189674523,154.19750587359886,0.08653058690998813
