Topic ID,Category,Sub-Category,Frequency,Norm Frequency,Share,Norm Share
0,Network Security,Digital Certificates,337,0.13404932378679396,316.8195360864047,0.1260220907264935
1,Development,Implementation,189,0.07517899761336516,232.09325288041146,0.09232030743055349
2,Development,Testing,242,0.09626093874303898,267.7129428782064,0.10648883964924677
3,Network Security,Exploits,103,0.04097056483691328,134.52812454897503,0.05351158494390415
4,Cryptography,Encryption,449,0.17859984089101033,406.44225982950593,0.16167154328938182
5,Authentication,Tokens,173,0.06881463802704853,198.1007504689769,0.07879902564398446
6,Authentication,Login,533,0.21201272871917262,461.88188658501167,0.183723900789583
7,Data Security,Password/Data Storage,253,0.10063643595863166,265.4034131723747,0.10557017230404722
8,Authentication,Tokens,235,0.09347653142402546,231.01783184525993,0.09189253454465392
