Topic ID,Category,Sub-Category,Frequency,Norm Frequency,Share,Norm Share
0,Development,Implementation,101,0.11799065420560748,112.31129055962083,0.13120477869114583
1,Authentication,Tokens,147,0.17172897196261683,147.91650480928365,0.1727996551510323
2,Authentication,Login,94,0.10981308411214953,96.51732289046049,0.11275388188137908
3,Development,Implementation,92,0.10747663551401869,96.37482201695093,0.11258740889830716
4,Development,Implementation,76,0.08878504672897196,79.35793990215461,0.09270787371747034
5,Network Security,Exploits,81,0.09462616822429906,83.56659992718778,0.09762453262521938
6,Development,Implementation,98,0.11448598130841121,92.5084188118417,0.10807058272411413
7,Authentication,Login,167,0.19509345794392524,147.44710274873796,0.17225128825787145
