Topic ID,Category,Sub-Category,Frequency,Norm Frequency,Share,Norm Share
0,Development,Implementation,38,0.01736745886654479,89.73200331511362,0.04101097043652359
1,Data Security,Password/Data Storage,2150,0.9826325411334552,2098.26799343733,0.9589890280792185
