Topic ID,Category,Sub-Category,Frequency,Norm Frequency,Share,Norm Share
0,Cryptography,Algorithms,50,0.023540489642184557,239.18676385423169,0.11261147074116369
1,Development,Implementation,490,0.23069679849340866,372.92960768262856,0.17557891133833736
2,Cryptography,Encryption,283,0.1332391713747646,295.9796140178805,0.139350100761714
3,Development,Implementation,180,0.0847457627118644,293.49879877548665,0.13818210865135908
4,Data Security,Password/Data Storage,45,0.0211864406779661,240.0599100793479,0.11302255653453291
5,Authentication,Login,387,0.18220338983050846,316.98603982350323,0.1492401317436456
6,Network Security,Digital Certificates,689,0.3243879472693032,365.3592650007922,0.17201471986854625
